updateon,symbol,isinCode,identifier,listingDate,issuedSize,lastPrice,TodayChangeValue,TodayPercentageChange,previousClose,close,vwap,open,minintraday,maxintraday,valueintraday,52WeekMin,52WeekMinDate,52WeekMax,52WeekMaxDate,valueweek,upperCP,lowerCP,basePrice,iNavValue,checkINAV,tickSize,priceBand,ppriceBand,totalTradedVolume_lks,totalTradedValue_cr,totalMarketCap_cr,freefloatmktcap_cr,impactCost,faceValue,cmDailyVolatility,cmAnnualVolatility,marketLot,securityVar,indexVar,varMargin,extremeLossMargin,adhocMargin,applicableMargin,volume,deliveryQuantity,deliveryToTradedQuantity_Percentage,FarFrom52WeekHigh,FarFrom52WeekLow,RangePositionTrend,DayPerformance,IntradayRangePercent,RangeTrendLabel,TrendImplication
09-10-2026,ALPHA,INF174KA1IA5,ALPHAEQN,29-Dec-2021,174826753,52.8,1.16,2.25,51.64,52.61,52.18,52.93,51.36,52.93,52.18,42.0,30-Mar-2026 00:00:00,55.59,27-Aug-2026 00:00:00,0.0,0.0,0.0,0.0,52.43,True,0.01,46.48-56.80,No Band,12.4804,6.5123,919.7635,9197635475.33,0.06,10.0,1.25,23.88,0,7.77,0.0,7.77,2.0,0.0,9.77,1248040,582187,46.65,5.018888289260669,25.714285714285705,79.47019867549665,2.246320681642131,3.056853582554518,Uncertain,Range-bound/Unclear
09-10-2026,ALPHAETF,INF769K01KU7,ALPHAETFEQN,27-Oct-2023,153697266,25.02,0.27,1.09,24.75,25.03,24.98,24.87,24.64,25.2,24.98,21.8,02-Apr-2026 00:00:00,27.61,27-Aug-2026 00:00:00,0.0,0.0,0.0,0.0,25.07,True,0.01,22.28-27.22,No Band,2.6736,0.6679,384.7043,3847042567.98,0.11,10.0,1.21,23.12,0,7.51,0.0,7.51,2.0,0.0,9.51,267356,149532,55.93,9.380659181455995,14.770642201834857,55.421686746987945,1.0909090909090893,2.2727272727272676,Mid Range,Range-bound/Unclear
09-10-2026,ALPL30IETF,INF109KC17V7,ALPL30IETFEQN,18-Aug-2020,560732720,25.42,0.11,0.43,25.31,25.48,25.52,25.31,25.27,25.6,25.52,24.35,02-Apr-2026 00:00:00,29.17,07-Aug-2026 00:00:00,0.0,0.0,0.0,0.0,25.55,True,0.01,22.78-27.84,No Band,1.9946,0.509,1428.747,14287469705.6,0.06,1.0,0.82,15.67,0,5.03,0.0,6.0,2.0,0.0,8.0,199460,92873,46.56,12.855673637298592,4.394250513347023,22.19917012448133,0.4346108257605808,1.3058963197467426,Uncertain,Range-bound/Unclear
09-10-2026,AUTOBEES,INF204KC1337,AUTOBEESEQN,25-Jan-2022,16992501,257.87,2.95,1.16,254.92,257.87,256.72,255.0,253.12,258.78,256.72,242.5,02-Apr-2026 00:00:00,310.45,10-Aug-2026 00:00:00,0.0,0.0,0.0,0.0,257.29,True,0.01,229.43-280.41,No Band,1.9242,4.9399,438.1856,4381856232.87,0.06,10.0,1.24,23.69,0,7.72,0.0,9.0,3.5,0.0,12.5,192422,73574,38.24,16.93670478337896,6.33814432989691,22.61957321559972,1.1572257963282666,2.2360935524652215,Uncertain,Range-bound/Unclear
09-10-2026,BANKBEES,INF204KB15I9,BANKBEESEQN,04-Jun-2004,140354250,572.58,8.1,1.43,564.48,572.92,572.04,567.31,564.95,574.15,572.04,515.98,02-Apr-2026 00:00:00,638.99,19-Feb-2026 00:00:00,0.0,0.0,0.0,0.0,572.8,True,0.01,508.04-620.92,No Band,8.8554,50.6564,8041.1757,80411756910.0,0.03,1.0,0.96,18.34,0,5.96,0.0,9.0,3.5,0.0,12.5,885539,579176,65.4,10.392963896148604,10.969417419279822,46.01251930737341,1.4349489795918409,1.6284626958137767,Mid Range,Range-bound/Unclear
09-10-2026,BFSI,INF769K01HI8,BFSIEQN,05-Aug-2021,143389315,25.98,0.38,1.48,25.6,25.97,25.98,25.6,25.6,26.06,25.98,24.03,02-Apr-2026 00:00:00,29.94,16-Feb-2026 00:00:00,0.0,0.0,0.0,0.0,25.97,True,0.01,23.04-28.16,No Band,2.8923,0.7514,372.3821,3723820510.55,0.13,10.0,1.04,19.87,0,6.45,0.0,9.0,3.5,0.0,12.5,289225,224207,77.52,13.226452905811625,8.114856429463167,32.99492385786801,1.484374999999996,1.7968749999999893,Uncertain,Range-bound/Unclear
09-10-2026,CHEMICAL,INF174KA1XV0,CHEMICALEQN,19-Nov-2025,37303815,28.19,0.15,0.53,28.04,28.12,28.06,28.74,27.87,28.74,28.06,24.5,30-Mar-2026 00:00:00,31.8,22-Jul-2026 00:00:00,0.0,0.0,0.0,0.0,28.07,True,0.01,25.24-30.84,No Band,1.2429,0.3487,104.8983,1048983277.8,0.12,10.0,0.99,18.91,0,6.1,0.0,9.0,3.5,0.0,12.5,124286,66834,53.77,11.352201257861633,15.061224489795924,50.54794520547946,0.5349500713266838,3.121636167922488,Mid Range,Range-bound/Unclear
09-10-2026,COMMOIETF,INF109KC19O8,COMMOIETFEQN,21-Dec-2022,12115690,91.1,0.78,0.86,90.32,91.14,90.88,90.32,90.08,91.31,90.88,90.08,09-Oct-2026 15:54:07,110.56,26-May-2026 00:00:00,0.0,0.0,0.0,0.0,90.94,True,0.01,81.29-99.35,No Band,0.5801,0.5272,110.4224,1104223986.6,0.14,10.0,0.99,18.91,0,6.14,0.0,9.0,3.5,0.0,12.5,58014,29853,51.46,17.60130246020261,1.1323268206039032,4.98046874999998,0.8635961027457941,1.365452930728246,Near Low,Range-bound/Unclear
09-10-2026,CONSUMBEES,INF204KA1LD7,CONSUMBEESEQN,11-Apr-2014,15155115,122.26,2.25,1.87,120.01,121.95,121.69,121.38,120.01,122.26,121.69,114.0,30-Mar-2026 00:00:00,144.38,21-Oct-2025 00:00:00,0.0,0.0,0.0,0.0,121.61,True,0.01,108.01-132.01,No Band,1.0357,1.2604,184.8166,1848166274.25,0.06,10.0,0.89,17.0,0,5.45,0.0,9.0,3.5,0.0,12.5,103571,49268,47.57,15.320681534838615,7.245614035087724,27.188940092165918,1.8748437630197485,1.8748437630197485,Uncertain,Range-bound/Unclear
09-10-2026,CPSEETF,INF457M01133,CPSEETFEQN,04-Apr-2014,2055801432,87.93,0.78,0.9,87.15,87.85,87.65,89.32,86.9,89.32,87.65,86.06,19-Dec-2025 00:00:00,112.0,18-Jun-2026 00:00:00,0.0,0.0,0.0,0.0,87.74,True,0.01,78.44-95.86,No Band,6.0934,5.3409,18060.2156,180602155801.2,0.04,10.0,1.0,19.1,0,6.2,0.0,9.0,3.5,0.0,12.5,609342,315609,51.8,21.491071428571423,2.1729026260748365,7.208943716268329,0.8950086058519806,2.784810126582264,Near Low,Range-bound/Unclear
09-10-2026,EVINDIA,INF769K01LQ3,EVINDIAEQN,16-Jul-2024,53547179,29.55,0.18,0.61,29.37,29.51,29.41,29.37,29.09,29.8,29.41,26.2,30-Mar-2026 00:00:00,35.04,12-Aug-2026 00:00:00,0.0,0.0,0.0,0.0,29.53,True,0.01,26.44-32.30,No Band,1.7014,0.5004,158.0177,1580177252.29,0.13,10.0,1.06,20.25,0,6.59,0.0,9.0,3.5,0.0,12.5,170141,79891,46.96,15.667808219178077,12.786259541984737,37.89592760180997,0.6128702757916231,2.4407012719147505,Uncertain,Range-bound/Unclear
09-10-2026,FMCGIETF,INF109KC19V3,FMCGIETFEQN,10-Aug-2021,156874380,48.4,1.04,2.2,47.36,48.35,48.12,48.54,47.35,48.54,48.12,46.5,08-Oct-2026 00:00:00,61.19,23-Oct-2025 00:00:00,0.0,0.0,0.0,0.0,48.22,True,0.01,42.63-52.09,No Band,9.3329,4.491,758.4876,7584876273.0,0.04,1.0,0.88,16.81,0,5.4,0.0,9.0,3.5,0.0,12.5,933289,510221,54.67,20.902108187612352,4.0860215053763405,12.93396868618107,2.1959459459459443,2.5131995776135114,Near Low,Range-bound/Unclear
09-10-2026,GOLDBEES,INF204KB17I5,GOLDBEESEQN,19-Mar-2007,4702385935,122.78,1.84,1.52,120.94,122.75,122.59,122.12,122.12,122.99,122.59,95.55,23-Oct-2025 00:00:00,148.14,29-Jan-2026 00:00:00,0.0,0.0,0.0,0.0,122.77,True,0.01,113.69-128.19,No Band,156.0804,191.339,57721.7874,577217873521.25,0.02,1.0,1.65,31.52,0,10.4,0.0,10.4,3.5,0.0,13.9,15608040,8195410,52.51,17.11894154178479,28.498168498168504,51.77790454459025,1.5214155779725511,0.7124140189976993,Mid Range,Range-bound/Unclear
09-10-2026,HDFCSENSEX,INF179KC1HX2,HDFCSENSEXEQN,16-Dec-2015,109573239,82.81,1.13,1.38,81.68,82.48,82.22,82.07,81.51,82.81,82.22,78.44,07-Sep-2026 00:00:00,98.48,08-Dec-2025 00:00:00,0.0,0.0,0.0,0.0,82.31,True,0.01,73.52-89.84,No Band,0.4514,0.3711,903.7601,9037600752.72,0.13,25.03,0.78,14.9,0,4.82,0.0,6.0,2.0,0.0,8.0,45136,29810,66.04,15.911860276198214,5.571137174910766,21.806387225548917,1.383447600391767,1.5948963317384335,Uncertain,Range-bound/Unclear
09-10-2026,HDFCSML250,INF179KC1FB2,HDFCSML250EQN,21-Feb-2023,150406700,177.16,0.75,0.43,176.41,177.14,176.72,177.26,174.61,177.97,176.72,142.7,23-Mar-2026 00:00:00,189.83,18-Aug-2026 00:00:00,0.0,0.0,0.0,0.0,176.61,True,0.01,158.77-194.05,No Band,13.6672,24.1527,2664.3043,26643042838.0,0.03,91.31,1.09,20.82,0,6.77,0.0,6.77,2.0,0.0,8.77,1366724,669688,49.0,6.674392877838073,24.148563419761746,73.11691067260766,0.4251459667819285,1.9242884141801646,Uncertain,Range-bound/Unclear
09-10-2026,HEALTHY,INF209KB10C2,HEALTHYEQN,28-Oct-2021,45074513,16.25,0.09,0.56,16.16,16.29,16.28,15.9,15.9,16.49,16.28,13.58,13-Feb-2026 00:00:00,17.79,24-Sep-2026 00:00:00,0.0,0.0,0.0,0.0,16.32,True,0.01,14.55-17.77,No Band,1.8511,0.3014,73.4264,734263816.77,0.14,1.0,0.89,17.0,0,5.49,0.0,9.0,3.5,0.0,12.5,185111,81816,44.2,8.656548622821806,19.661266568483065,63.42042755344419,0.5569306930693061,3.710691823899359,Uncertain,Range-bound/Unclear
09-10-2026,HNGSNGBEES,INF204KB19I1,HNGSNGBEESEQN,18-Mar-2010,23586680,461.0,5.35,1.17,455.65,460.89,459.15,460.21,454.36,461.0,459.15,443.42,30-Mar-2026 00:00:00,574.75,01-Feb-2026 00:00:00,0.0,0.0,0.0,0.0,445.05,True,0.01,410.09-501.21,No Band,0.3491,1.6027,1087.0865,0.0,0.13,1.0,1.58,30.19,0,9.97,0.0,9.97,2.0,0.0,11.97,34905,25418,72.82,19.791213571117876,3.9646384917234183,13.386126551435304,1.1741468232195815,1.4613962496698623,Near Low,Range-bound/Unclear
09-10-2026,ICICIB22,INF109KB15Y7,ICICIB22EQN,28-Nov-2017,864883635,107.95,1.43,1.34,106.52,108.11,107.81,106.52,106.37,108.5,107.81,106.25,08-Oct-2026 00:00:00,131.0,02-Mar-2026 00:00:00,0.0,0.0,0.0,0.0,108.09,True,0.01,95.87-117.17,No Band,1.3283,1.4321,9350.257,0.0,0.04,10.0,0.93,17.77,0,5.71,0.0,9.0,3.5,0.0,12.5,132833,76724,57.76,17.59541984732824,1.6000000000000028,6.868686868686879,1.342470897484047,2.0024442982043764,Near Low,Range-bound/Unclear
09-10-2026,INFRAIETF,INF109KC16E5,INFRAIETFEQN,23-Aug-2022,27246048,88.0,0.39,0.45,87.61,88.35,88.09,88.52,87.43,88.8,88.09,86.8,02-Apr-2026 00:00:00,101.0,23-Feb-2026 00:00:00,0.0,0.0,0.0,0.0,88.33,True,0.01,78.85-96.37,No Band,0.4892,0.4309,240.7188,2407188340.8,0.11,10.0,0.98,18.72,0,6.06,0.0,9.0,3.5,0.0,12.5,48921,25984,53.11,12.871287128712872,1.3824884792626762,8.45070422535213,0.44515466270973697,1.5669678600022763,Near Low,Range-bound/Unclear
09-10-2026,ITBEES,INF204KB15V2,ITBEESEQN,01-Jul-2020,1112916835,31.86,1.06,3.44,30.8,31.84,31.69,31.0,30.75,31.94,31.69,28.55,01-Jul-2026 00:00:00,44.27,03-Feb-2026 00:00:00,0.0,0.0,0.0,0.0,31.76,True,0.01,27.72-33.88,No Band,176.1028,55.807,3543.5272,35435272026.4,0.04,10.0,1.51,28.85,0,9.48,0.0,9.48,3.5,0.0,12.98,17610279,8264253,46.93,28.032527671109108,11.593695271453585,21.055979643765895,3.441558441558437,3.8699186991869956,Uncertain,Range-bound/Unclear
09-10-2026,JUNIORBEES,INF732E01045,JUNIORBEESEQN,06-Mar-2003,115357190,738.4,3.79,0.52,734.61,738.11,736.83,738.3,730.25,740.28,736.83,632.34,01-Apr-2026 00:00:00,823.97,17-Aug-2026 00:00:00,0.0,0.0,0.0,0.0,737.57,True,0.01,661.15-808.07,No Band,4.2842,31.5673,8514.6296,85146295510.9,0.04,1.25,1.03,19.68,0,6.4,0.0,6.4,2.0,0.0,8.4,428420,230591,53.82,10.38508683568577,16.772622323433588,55.346240150289596,0.5159200119791404,1.3735022252653164,Mid Range,Range-bound/Unclear
09-10-2026,LOWVOLIETF,INF109KC19U5,LOWVOLIETFEQN,10-Jul-2017,1502524550,20.45,0.27,1.34,20.18,20.47,20.49,20.68,20.18,20.68,20.49,19.84,02-Apr-2026 00:00:00,26.81,27-Jan-2026 00:00:00,0.0,0.0,0.0,0.0,20.55,True,0.01,18.17-22.19,No Band,29.0288,5.948,3075.6678,30756677538.5,0.06,1.0,0.77,14.71,0,4.74,0.0,6.0,2.0,0.0,8.0,2902882,2640416,90.96,23.7224916076091,3.074596774193546,8.751793400286937,1.3379583746283428,2.4777006937561943,Near Low,Range-bound/Unclear
09-10-2026,MAFANG,INF769K01HF4,MAFANGEQN,14-May-2021,247303596,284.0,3.63,1.29,280.37,287.07,282.23,285.0,269.0,292.37,282.23,149.74,01-Apr-2026 00:00:00,307.49,08-Oct-2026 00:00:00,0.0,0.0,0.0,0.0,185.46,True,0.01,252.34-308.40,No Band,12.8413,36.242,7099.3443,70993443303.72,0.04,40.0,1.89,36.11,0,12.0,0.0,12.0,3.5,0.0,15.5,1284131,470025,36.6,7.639272821880389,89.6620809402965,85.1093502377179,1.2947176944751562,8.687732342007436,Near High,Strong Uptrend
09-10-2026,MAKEINDIA,INF769K01IB1,MAKEINDIAEQN,02-Feb-2022,16095234,151.92,0.49,0.32,151.43,152.11,151.9,152.41,150.08,152.67,151.9,140.12,02-Apr-2026 00:00:00,173.11,07-Aug-2026 00:00:00,0.0,0.0,0.0,0.0,152.2,True,0.01,136.29-166.57,No Band,0.2316,0.3518,244.8246,2448246043.74,0.19,50.0,1.0,19.1,0,6.18,0.0,9.0,3.5,0.0,12.5,23161,9807,42.34,12.240771763618524,8.421353125892079,35.768414671112396,0.323581853001374,1.7257462686566996,Uncertain,Range-bound/Unclear
09-10-2026,MASPTOP50,INF769K01HP3,MASPTOP50EQN,24-Sep-2021,168624040,115.46,3.79,3.39,111.67,115.11,114.97,114.46,112.79,116.0,114.97,65.0,02-Mar-2026 00:00:00,148.9,21-Sep-2026 00:00:00,0.0,0.0,0.0,0.0,70.33,True,0.01,100.51-122.83,No Band,9.5832,11.0178,1941.0313,19410313244.4,0.14,20.0,2.51,47.95,0,16.24,0.0,16.24,2.0,0.0,18.24,958323,417997,43.62,22.458025520483556,77.63076923076923,60.14302741358759,3.3939285394465766,2.8459969855483584,Uncertain,Range-bound/Unclear
09-10-2026,METALIETF,INF109KC19W1,METALIETFEQN,20-Aug-2024,761971425,12.11,0.02,0.17,12.09,12.08,12.04,12.09,11.92,12.12,12.04,10.0,16-Mar-2026 00:00:00,14.17,04-Jun-2026 00:00:00,0.0,0.0,0.0,0.0,12.06,True,0.01,10.89-13.29,No Band,57.2749,6.8959,920.4615,9204614814.0,0.06,10.0,1.36,25.98,0,8.52,0.0,9.0,3.5,0.0,12.5,5727492,2744283,47.91,14.537755822159495,21.099999999999994,50.59952038369303,0.16542597187758123,1.6778523489932826,Mid Range,Range-bound/Unclear
09-10-2026,MIDCAP,INF174KA1ZC5,MIDCAPEQN,04-Feb-2022,116163410,17.16,0.19,1.12,16.97,17.18,17.09,17.39,16.9,17.39,17.09,15.01,08-Jun-2026 00:00:00,19.27,11-Aug-2026 00:00:00,0.0,0.0,0.0,0.0,17.16,True,0.01,15.28-18.66,No Band,3.7927,0.6482,199.5687,1995687383.8,0.14,1.0,1.08,20.63,0,6.66,0.0,6.66,2.0,0.0,8.66,379272,197165,51.99,10.949662688116241,14.323784143904067,50.46948356807513,1.1196228638774384,2.899408284023681,Mid Range,Range-bound/Unclear
09-10-2026,MIDCAPETF,INF769K01IC9,MIDCAPETFEQN,15-Mar-2022,816517704,22.12,0.29,1.33,21.83,22.09,21.99,22.37,21.79,22.37,21.99,19.6,02-Apr-2026 00:00:00,24.57,06-Aug-2026 00:00:00,0.0,0.0,0.0,0.0,22.05,True,0.01,19.65-24.01,No Band,18.651,4.1014,1803.6876,18036876081.36,0.05,5.0,1.02,19.49,0,6.34,0.0,6.34,2.0,0.0,8.34,1865104,1100276,58.99,9.971509971509969,12.857142857142852,50.70422535211267,1.328447091158968,2.6617714547957863,Mid Range,Range-bound/Unclear
09-10-2026,MOCAPITAL,INF247L01EV3,MOCAPITALEQN,13-Mar-2025,62025000,52.28,0.26,0.5,52.02,52.07,52.06,52.02,51.42,52.48,52.06,42.17,23-Mar-2026 00:00:00,57.25,03-Jul-2026 00:00:00,0.0,0.0,0.0,0.0,52.03,True,0.01,46.82-57.22,No Band,5.162,2.6874,322.9642,3229641750.0,0.08,10.0,1.41,26.94,0,8.8,0.0,9.0,3.5,0.0,12.5,516203,271467,52.59,8.68122270742358,23.974389376333885,67.04244031830238,0.4998077662437485,2.0614546868922505,Uncertain,Range-bound/Unclear
09-10-2026,MODEFENCE,INF247L01DJ0,MODEFENCEEQN,27-Aug-2024,126650000,98.96,0.57,0.58,98.39,98.83,98.46,99.37,97.56,99.5,98.46,77.8,30-Mar-2026 00:00:00,112.0,10-Sep-2026 00:00:00,0.0,0.0,0.0,0.0,98.92,True,0.01,88.56-108.22,No Band,12.0223,11.8372,1251.6819,12516819500.0,0.05,10.0,1.55,29.61,0,9.76,0.0,9.76,3.5,0.0,13.26,1202234,538807,44.82,11.642857142857148,27.197943444730072,61.871345029239755,0.5793271673950535,1.9885198851988497,Uncertain,Range-bound/Unclear
09-10-2026,MOM30IETF,INF109KC17C7,MOM30IETFEQN,10-Aug-2022,177340731,29.57,0.13,0.44,29.44,29.64,29.64,30.17,29.26,30.17,29.64,26.0,20-Feb-2026 00:00:00,32.9,01-Dec-2025 00:00:00,0.0,0.0,0.0,0.0,29.71,True,0.01,26.50-32.38,No Band,7.4894,2.2199,525.6379,5256379266.84,0.05,10.0,1.14,21.78,0,7.1,0.0,7.1,2.0,0.0,9.1,748938,431550,57.62,10.121580547112458,13.730769230769232,51.73913043478262,0.44157608695651834,3.1100478468899526,Mid Range,Range-bound/Unclear
09-10-2026,MON100,INF247L01AP3,MON100EQN,31-Mar-2011,504134740,324.75,-0.4,-0.12,325.15,324.48,324.03,325.15,320.5,328.5,324.03,213.01,09-Mar-2026 00:00:00,354.9,09-Sep-2026 00:00:00,0.0,0.0,0.0,0.0,290.44,True,0.01,292.64-357.66,No Band,7.8356,25.3898,16358.164,163581640435.2,0.02,1.0,1.42,27.13,0,8.91,0.0,8.91,2.0,0.0,10.91,783564,378765,48.34,8.495350803043104,52.457631097131596,78.7511452533653,-0.12302014454866286,2.49609984399376,Uncertain,Strong Uptrend
09-10-2026,MONIFTY500,INF247L01BU1,MONIFTY500EQN,06-Oct-2023,130300000,22.28,0.18,0.81,22.1,22.34,22.31,22.1,22.0,22.43,22.31,20.75,30-Mar-2026 00:00:00,28.28,13-Jul-2026 00:00:00,0.0,0.0,0.0,0.0,22.38,True,0.01,19.89-24.31,No Band,11.8908,2.6528,291.0902,2910902000.0,0.1,10.0,0.85,16.24,0,5.2,0.0,6.0,2.0,0.0,8.0,1189075,693480,58.32,21.216407355021218,7.373493975903619,20.318725099601608,0.8144796380090484,1.9545454545454533,Uncertain,Range-bound/Unclear
09-10-2026,MOREALTY,INF247L01CI4,MOREALTYEQN,21-Mar-2024,28310000,80.0,-0.26,-0.32,80.26,80.32,80.52,81.12,79.9,81.26,80.52,64.0,02-Apr-2026 00:00:00,99.49,04-Nov-2025 00:00:00,0.0,0.0,0.0,0.0,80.6,True,0.01,72.24-88.28,No Band,2.172,1.7489,227.3859,2273859200.0,0.08,10.0,1.62,30.95,0,10.24,0.0,10.24,3.5,0.0,13.74,217203,111409,51.29,19.58990853352095,25.0,45.083122006198934,-0.3239471716920074,1.7021276595744674,Mid Range,Range-bound/Unclear
09-10-2026,NIFTYBEES,INF204KB14I2,NIFTYBEESEQN,08-Jan-2002,2538216385,257.2,3.44,1.36,253.76,257.35,256.55,256.29,253.93,257.7,256.55,251.7,02-Apr-2026 00:00:00,302.25,09-Dec-2025 00:00:00,0.0,0.0,0.0,0.0,256.86,True,0.01,228.39-279.13,No Band,55.7036,142.9077,65320.9987,653209986679.75,0.02,1.0,0.77,14.71,0,4.75,0.0,6.0,2.0,0.0,8.0,5570363,2999771,53.85,14.904880066170392,2.1851410409217324,10.880316518298711,1.35561160151324,1.4846611270822596,Near Low,Range-bound/Unclear
09-10-2026,NV20IETF,INF109KC11V0,NV20IETFEQN,22-Jun-2016,132478030,12.81,0.18,1.43,12.63,12.81,12.77,12.63,12.63,12.85,12.77,12.5,12-Feb-2026 00:00:00,16.0,21-Jan-2026 00:00:00,0.0,0.0,0.0,0.0,12.81,True,0.01,11.37-13.89,No Band,5.1328,0.6555,169.7044,1697043564.3,0.09,1.0,0.73,13.95,0,4.5,0.0,9.0,3.5,0.0,12.5,513281,428883,83.56,19.937499999999996,2.480000000000004,8.857142857142872,1.4251781472684062,1.7418844022169346,Near Low,Range-bound/Unclear
09-10-2026,OILIETF,INF109KC18W3,OILIETFEQN,24-Jul-2024,258048218,10.5,-0.01,-0.1,10.51,10.52,10.52,10.6,10.45,10.6,10.52,9.8,30-Mar-2026 00:00:00,14.0,02-Mar-2026 00:00:00,0.0,0.0,0.0,0.0,10.5,True,0.01,9.46-11.56,No Band,16.6253,1.749,271.4667,2714667253.36,0.08,10.0,0.97,18.53,0,5.99,0.0,9.0,3.5,0.0,12.5,1662526,963105,57.93,25.0,7.142857142857135,16.66666666666665,-0.0951474785918153,1.4354066985645968,Near Low,Range-bound/Unclear
09-10-2026,PHARMABEES,INF204KC1089,PHARMABEESEQN,07-Jul-2021,642357712,26.8,0.24,0.9,26.56,26.72,26.64,26.03,26.0,26.8,26.64,21.69,02-Apr-2026 00:00:00,28.58,24-Sep-2026 00:00:00,0.0,0.0,0.0,0.0,26.69,True,0.01,23.91-29.21,No Band,50.9603,13.5758,1716.3798,17163798064.64,0.04,10.0,0.9,17.19,0,5.55,0.0,9.0,3.5,0.0,12.5,5096033,3049895,59.85,6.228131560531833,23.559243891194097,74.16545718432513,0.9036144578313329,3.0769230769230793,Uncertain,Range-bound/Unclear
09-10-2026,PSUBNKBEES,INF204KB16I7,PSUBNKBEESEQN,01-Nov-2007,437600430,91.0,1.69,1.89,89.31,90.76,90.58,90.69,89.23,91.06,90.58,83.32,08-Oct-2025 00:00:00,110.4,26-Feb-2026 00:00:00,0.0,0.0,0.0,0.0,90.75,True,0.01,80.38-98.24,No Band,19.3449,17.5226,3971.6615,39716615026.8,0.05,1.0,1.47,28.08,0,9.23,0.0,9.23,3.5,0.0,12.73,1934490,1268861,65.59,17.572463768115945,9.217474795967364,28.360413589364857,1.892285298398833,2.050879748963351,Uncertain,Range-bound/Unclear
09-10-2026,PVTBANIETF,INF109KC18U7,PVTBANIETFEQN,14-Aug-2019,1553769940,27.7,0.52,1.91,27.18,27.62,27.58,27.18,27.18,27.7,27.58,24.18,02-Apr-2026 00:00:00,30.32,19-Feb-2026 00:00:00,0.0,0.0,0.0,0.0,27.54,True,0.01,24.47-29.89,No Band,15.0885,4.1614,4291.5126,42915125742.8,0.05,1.0,1.0,19.1,0,6.18,0.0,9.0,3.5,0.0,12.5,1508848,810561,53.72,8.641160949868079,14.55748552522746,57.32899022801302,1.9131714495952892,1.9131714495952892,Mid Range,Range-bound/Unclear
09-10-2026,SILVERBEES,INF204KC1402,SILVERBEESEQN,07-Feb-2022,1501963510,209.8,3.93,1.91,205.87,209.68,209.43,208.12,208.12,210.2,209.43,132.99,28-Oct-2025 00:00:00,360.0,29-Jan-2026 00:00:00,0.0,0.0,0.0,0.0,209.73,True,0.01,193.52-218.22,No Band,144.9604,303.5905,31493.1709,314931708776.8,0.02,10.0,2.96,56.55,0,19.44,0.0,19.44,3.5,0.0,22.94,14496035,7311466,50.44,41.72222222222222,57.7562222723513,33.83551385401524,1.9089716811580157,0.9994234095713934,Uncertain,Sideways/Neutral
09-10-2026,SMALLCAP,INF769K01LC3,SMALLCAPEQN,29-Feb-2024,195178305,47.25,0.04,0.08,47.21,47.26,47.23,47.59,46.76,47.59,47.23,37.34,23-Mar-2026 00:00:00,54.5,23-Oct-2025 00:00:00,0.0,0.0,0.0,0.0,47.1,True,0.01,42.49-51.93,No Band,8.2415,3.8925,922.4127,9224126694.3,0.06,10.0,1.14,21.78,0,7.06,0.0,7.06,2.0,0.0,9.06,824153,442197,53.65,13.302752293577983,26.539903588644876,57.750582750582744,0.08472781190425577,1.7750213857998405,Mid Range,Range-bound/Unclear
09-10-2026,TNIDETF,INF277KA1364,TNIDETFEQN,08-Apr-2022,20501756,84.9,1.66,1.99,83.24,84.88,84.6,81.3,81.3,85.0,84.6,74.5,30-Mar-2026 00:00:00,103.26,23-Dec-2025 00:00:00,0.0,0.0,0.0,0.0,84.79,True,0.01,74.92-91.56,No Band,0.3671,0.3106,174.0189,1740189049.28,0.16,10.0,1.14,21.78,0,7.1,0.0,9.0,3.5,0.0,12.5,36711,28401,77.36,17.780360255665308,13.959731543624168,36.16133518776079,1.9942335415665677,4.551045510455108,Uncertain,Range-bound/Unclear
09-10-2026,TOP10ADD,INF740KA1UR9,TOP10ADDEQN,11-Sep-2024,81397718,83.88,1.38,1.67,82.5,84.06,83.75,82.88,82.88,84.28,83.75,81.53,01-Oct-2026 00:00:00,103.04,24-Dec-2025 00:00:00,0.0,0.0,0.0,0.0,83.78,True,0.01,74.25-90.75,No Band,1.2524,1.0489,684.2292,6842292175.08,0.1,10.0,0.86,16.43,0,5.29,0.0,9.0,3.5,0.0,12.5,125236,73273,58.51,18.594720496894418,2.8823745860419407,10.92515109251508,1.672727272727267,1.6891891891891961,Near Low,Range-bound/Unclear
